{

    "grasping":
    {   
        "position": [-0.11809514462947845, 0.009174324572086334, 1.636063499450684],
        "rotation": 270

    },
    "bedhead":
    {   
        "position": [2, 0.009174324572086334, 0],
        "rotation": "None"

    },
    "bedtl":
    {   
        "position": [2, 0.009174324572086334, -2],
        "rotation": 270

    },
    "bathing1":
    {   
        "position": [0.6, 0.009174324572086334, -0.5],
        "rotation": 270

    }





}
